GROUP,PACKAGE,CLASS,INSTRUCTION_MISSED,INSTRUCTION_COVERED,BRANCH_MISSED,BRANCH_COVERED,LINE_MISSED,LINE_COVERED,COMPLEXITY_MISSED,COMPLEXITY_COVERED,METHOD_MISSED,METHOD_COVERED
Apache JSPWiki Main Jar,org.apache.wiki.rpc.atom,AtomAPIServlet,475,0,20,0,110,0,21,0,11,0
Apache JSPWiki Main Jar,org.apache.wiki.tags,CommentLinkTag,74,0,7,0,18,0,7,0,3,0
Apache JSPWiki Main Jar,org.apache.wiki.tags,UserProfileTag,378,0,70,0,80,0,41,0,6,0
Apache JSPWiki Main Jar,org.apache.wiki.tags,WikiTagBase,71,0,2,0,21,0,10,0,9,0
Apache JSPWiki Main Jar,org.apache.wiki.tags,AttachmentsIteratorInfo,20,0,0,0,3,0,2,0,2,0
Apache JSPWiki Main Jar,org.apache.wiki.tags,MessagesTag,171,0,12,0,35,0,13,0,7,0
Apache JSPWiki Main Jar,org.apache.wiki.tags,NextVersionTag,24,0,2,0,8,0,3,0,2,0
Apache JSPWiki Main Jar,org.apache.wiki.tags,AdminBeanIteratorTag,56,0,6,0,15,0,6,0,3,0
Apache JSPWiki Main Jar,org.apache.wiki.tags,HistoryIteratorInfo,20,0,0,0,3,0,2,0,2,0
Apache JSPWiki Main Jar,org.apache.wiki.tags,IfNoSearchResultsTag,19,0,4,0,5,0,4,0,2,0
Apache JSPWiki Main Jar,org.apache.wiki.tags,TranslateTag,61,0,2,0,16,0,4,0,3,0
Apache JSPWiki Main Jar,org.apache.wiki.tags,UserCheckTag,152,0,40,0,50,0,26,0,6,0
Apache JSPWiki Main Jar,org.apache.wiki.tags,LinkToParentTag,48,0,6,0,12,0,5,0,2,0
Apache JSPWiki Main Jar,org.apache.wiki.tags,TemplateDirTag,14,0,0,0,4,0,2,0,2,0
Apache JSPWiki Main Jar,org.apache.wiki.tags,PageNameTag,35,0,4,0,8,0,4,0,2,0
Apache JSPWiki Main Jar,org.apache.wiki.tags,PreviousVersionTag,20,0,2,0,7,0,3,0,2,0
Apache JSPWiki Main Jar,org.apache.wiki.tags,EditLinkTag,141,0,15,0,36,0,14,0,6,0
Apache JSPWiki Main Jar,org.apache.wiki.tags,UserNameTag,60,0,4,0,13,0,5,0,3,0
Apache JSPWiki Main Jar,org.apache.wiki.tags,TabbedSectionTag,204,0,24,0,51,0,22,0,10,0
Apache JSPWiki Main Jar,org.apache.wiki.tags,CheckVersionTag,123,0,33,0,31,0,22,0,4,0
Apache JSPWiki Main Jar,org.apache.wiki.tags,RSSImageLinkTag,138,0,10,0,27,0,11,0,6,0
Apache JSPWiki Main Jar,org.apache.wiki.tags,BreadcrumbsTag,186,0,18,0,40,0,17,0,8,0
Apache JSPWiki Main Jar,org.apache.wiki.tags,LinkToTag,171,0,17,0,38,0,16,0,7,0
Apache JSPWiki Main Jar,org.apache.wiki.tags,ParentPageNameTag,62,0,8,0,15,0,6,0,2,0
Apache JSPWiki Main Jar,org.apache.wiki.tags,IncludeTag,83,0,2,0,22,0,8,0,7,0
Apache JSPWiki Main Jar,org.apache.wiki.tags,VariableTag,88,0,4,0,28,0,8,0,6,0
Apache JSPWiki Main Jar,org.apache.wiki.tags,ParamTag,53,0,12,0,19,0,11,0,5,0
Apache JSPWiki Main Jar,org.apache.wiki.tags,AuthorTag,75,0,6,0,15,0,5,0,2,0
Apache JSPWiki Main Jar,org.apache.wiki.tags,CookieTag,417,0,58,0,115,0,47,0,18,0
Apache JSPWiki Main Jar,org.apache.wiki.tags,PermissionTag,210,0,42,0,49,0,26,0,5,0
Apache JSPWiki Main Jar,org.apache.wiki.tags,EditorIteratorInfo,20,0,0,0,3,0,2,0,2,0
Apache JSPWiki Main Jar,org.apache.wiki.tags,CheckLockTag,103,0,26,0,23,0,17,0,4,0
Apache JSPWiki Main Jar,org.apache.wiki.tags,PageInfoLinkTag,86,0,9,0,23,0,9,0,4,0
Apache JSPWiki Main Jar,org.apache.wiki.tags,SearchResultIteratorTag,164,0,14,0,40,0,16,0,9,0
Apache JSPWiki Main Jar,org.apache.wiki.tags,PageExistsTag,10,0,2,0,2,0,3,0,2,0
Apache JSPWiki Main Jar,org.apache.wiki.tags,SearchResultsTag,40,0,4,0,10,0,4,0,2,0
Apache JSPWiki Main Jar,org.apache.wiki.tags,InsertPageTag,109,0,11,0,30,0,13,0,7,0
Apache JSPWiki Main Jar,org.apache.wiki.tags,PageVersionTag,24,0,4,0,8,0,4,0,2,0
Apache JSPWiki Main Jar,org.apache.wiki.tags,EditorTag,87,0,2,0,18,0,5,0,4,0
Apache JSPWiki Main Jar,org.apache.wiki.tags,CheckLockInfo,20,0,0,0,3,0,2,0,2,0
Apache JSPWiki Main Jar,org.apache.wiki.tags,UploadLinkTag,52,0,7,0,13,0,6,0,2,0
Apache JSPWiki Main Jar,org.apache.wiki.tags,WikiLinkTag,56,0,4,0,21,0,10,0,8,0
Apache JSPWiki Main Jar,org.apache.wiki.tags,AttachmentsIteratorTag,152,0,16,0,43,0,12,0,4,0
Apache JSPWiki Main Jar,org.apache.wiki.tags,AdminBeanIteratorInfo,20,0,0,0,3,0,2,0,2,0
Apache JSPWiki Main Jar,org.apache.wiki.tags,DiffLinkTag,209,0,27,0,51,0,21,0,7,0
Apache JSPWiki Main Jar,org.apache.wiki.tags,WikiBodyTag,49,0,2,0,12,0,6,0,5,0
Apache JSPWiki Main Jar,org.apache.wiki.tags,CheckVersionTag.VersionMode,44,0,0,0,2,0,1,0,1,0
Apache JSPWiki Main Jar,org.apache.wiki.tags,CheckRequestContextTag,74,0,10,0,20,0,10,0,5,0
Apache JSPWiki Main Jar,org.apache.wiki.tags,ContentTag,155,0,4,0,41,0,16,0,14,0
Apache JSPWiki Main Jar,org.apache.wiki.tags,CalendarTag,587,0,40,0,120,0,31,0,11,0
Apache JSPWiki Main Jar,org.apache.wiki.tags,HasAttachmentsTag,41,0,8,0,12,0,7,0,3,0
Apache JSPWiki Main Jar,org.apache.wiki.tags,LinkTag,951,0,96,0,194,0,74,0,26,0
Apache JSPWiki Main Jar,org.apache.wiki.tags,HistoryIteratorTag,137,0,14,0,35,0,11,0,4,0
Apache JSPWiki Main Jar,org.apache.wiki.tags,PageDateTag,60,0,6,0,19,0,8,0,5,0
Apache JSPWiki Main Jar,org.apache.wiki.tags,SetPaginationTag,526,0,44,0,90,0,35,0,13,0
Apache JSPWiki Main Jar,org.apache.wiki.tags,TabTag,293,0,28,0,59,0,22,0,8,0
Apache JSPWiki Main Jar,org.apache.wiki.tags,FeedDiscoveryTag,150,0,4,0,17,0,4,0,2,0
Apache JSPWiki Main Jar,org.apache.wiki.tags,BreadcrumbsTag.FixedQueue,45,0,8,0,12,0,7,0,3,0
Apache JSPWiki Main Jar,org.apache.wiki.tags,EditorIteratorTag,51,0,2,0,11,0,4,0,3,0
Apache JSPWiki Main Jar,org.apache.wiki.tags,SearchResultIteratorInfo,20,0,0,0,3,0,2,0,2,0
Apache JSPWiki Main Jar,org.apache.wiki.tags,PluginTag,139,0,6,0,35,0,12,0,9,0
Apache JSPWiki Main Jar,org.apache.wiki.tags,InsertDiffTag,95,0,6,0,25,0,9,0,6,0
Apache JSPWiki Main Jar,org.apache.wiki.tags,PageSizeTag,67,0,6,0,15,0,6,0,3,0
Apache JSPWiki Main Jar,org.apache.wiki.tags,IncludeResourcesTag,26,0,0,0,9,0,4,0,4,0
Apache JSPWiki Main Jar,org.apache.wiki.tags,SearchResultsSizeTag,20,0,2,0,5,0,3,0,2,0
Apache JSPWiki Main Jar,org.apache.wiki.tags,NoSuchPageTag,46,0,6,0,14,0,8,0,5,0
Apache JSPWiki Main Jar,org.apache.wiki.tags,BaseURLTag,13,0,0,0,3,0,2,0,2,0
Apache JSPWiki Main Jar,org.apache.wiki.tags,CheckLockTag.LockState,34,0,0,0,2,0,1,0,1,0
Apache JSPWiki Main Jar,org.apache.wiki.tags,IteratorTag,131,0,16,0,43,0,20,0,12,0
Apache JSPWiki Main Jar,org.apache.wiki.tags,RequestResourceTag,41,0,4,0,13,0,9,0,7,0
Apache JSPWiki Main Jar,org.apache.wiki.tags,PageTypeTag,58,0,16,0,15,0,12,0,4,0
Apache JSPWiki Main Jar,org.apache.wiki.tags,ContentEncodingTag,15,0,0,0,4,0,2,0,2,0
Apache JSPWiki Main Jar,org.apache.wiki.ui.progress,ProgressManager,65,18,4,0,13,5,6,2,4,2
Apache JSPWiki Main Jar,org.apache.wiki.ui.progress,ProgressManager.JSONTracker,71,6,2,0,17,1,4,1,3,1
Apache JSPWiki Main Jar,org.apache.wiki.ui.progress,ProgressItem,13,0,0,0,5,0,3,0,3,0
Apache JSPWiki Main Jar,org.apache.wiki.i18n,InternationalizationManager,8,32,1,1,2,8,2,4,1,4
Apache JSPWiki Main Jar,org.apache.wiki.xmlrpc,MetaWeblogHandler,581,0,14,0,113,0,19,0,12,0
Apache JSPWiki Main Jar,org.apache.wiki.xmlrpc,RPCHandler,147,333,10,16,30,70,16,15,8,10
Apache JSPWiki Main Jar,org.apache.wiki.xmlrpc,RPCServlet,148,0,4,0,42,0,8,0,6,0
Apache JSPWiki Main Jar,org.apache.wiki.xmlrpc,AbstractRPCHandler,68,23,7,1,15,7,6,3,2,3
Apache JSPWiki Main Jar,org.apache.wiki.xmlrpc,RPCServlet.WikiXmlRpcContext,19,0,0,0,8,0,5,0,5,0
Apache JSPWiki Main Jar,org.apache.wiki.xmlrpc,RPCServlet.LocalHandler,26,0,0,0,7,0,2,0,2,0
Apache JSPWiki Main Jar,org.apache.wiki.xmlrpc,RPCHandlerUTF8,437,0,26,0,91,0,26,0,13,0
Apache JSPWiki Main Jar,org.apache.wiki.content,PageRenamer,42,650,13,65,8,126,13,34,0,8
Apache JSPWiki Main Jar,org.apache.wiki.providers,VersioningFileProvider,310,925,43,97,56,199,39,51,3,17
Apache JSPWiki Main Jar,org.apache.wiki.providers,AbstractFileProvider.WikiFileFilter,0,7,0,0,0,2,0,2,0,2
Apache JSPWiki Main Jar,org.apache.wiki.providers,NoSuchVersionException,0,4,0,0,0,2,0,1,0,1
Apache JSPWiki Main Jar,org.apache.wiki.providers,VersioningFileProvider.CachedProperties,10,16,2,2,2,7,2,1,0,1
Apache JSPWiki Main Jar,org.apache.wiki.providers,BasicAttachmentProvider,318,730,34,56,57,157,32,36,4,19
Apache JSPWiki Main Jar,org.apache.wiki.providers,RepositoryModifiedException,10,0,0,0,4,0,2,0,2,0
Apache JSPWiki Main Jar,org.apache.wiki.providers,BasicAttachmentProvider.AttachmentVersionFilter,0,11,0,2,0,2,0,3,0,2
Apache JSPWiki Main Jar,org.apache.wiki.providers,FileSystemProvider,23,210,3,17,7,53,3,15,0,8
Apache JSPWiki Main Jar,org.apache.wiki.providers,BasicAttachmentProvider.AttachmentFilter,0,7,0,0,0,2,0,2,0,2
Apache JSPWiki Main Jar,org.apache.wiki.providers,AbstractFileProvider,383,537,37,45,56,107,36,30,7,18
Apache JSPWiki Main Jar,org.apache.wiki.providers,CachingProvider,213,747,19,57,31,167,21,38,4,17
Apache JSPWiki Main Jar,org.apache.wiki.providers,CachingAttachmentProvider,125,472,4,26,18,94,9,24,5,13
Apache JSPWiki Main Jar,org.apache.wiki.render,CreoleRenderer,4,381,1,33,1,55,1,20,0,4
Apache JSPWiki Main Jar,org.apache.wiki.render,RenderingManager,173,458,9,33,27,83,10,24,1,12
Apache JSPWiki Main Jar,org.apache.wiki.render,WysiwygEditingRenderer,23,157,14,10,9,43,10,5,0,3
Apache JSPWiki Main Jar,org.apache.wiki.render,XHTMLRenderer,0,47,0,0,0,13,0,2,0,2
Apache JSPWiki Main Jar,org.apache.wiki.render,WikiRenderer,0,12,0,0,0,5,0,1,0,1
Apache JSPWiki Main Jar,org.apache.wiki.render,CleanTextRenderer,10,45,1,3,3,13,1,4,0,3
Apache JSPWiki Main Jar,org.apache.wiki.render,CustomXMLOutputProcessor,0,11,0,0,0,3,0,2,0,2
Apache JSPWiki Main Jar,org.apache.wiki.attachment,Attachment,28,29,0,0,6,7,4,3,4,3
Apache JSPWiki Main Jar,org.apache.wiki.attachment,AttachmentServlet,1045,0,100,0,224,0,61,0,11,0
Apache JSPWiki Main Jar,org.apache.wiki.attachment,AttachmentManager,136,421,23,41,41,95,23,31,3,19
Apache JSPWiki Main Jar,org.apache.wiki.attachment,AttachmentServlet.UploadListener,21,0,0,0,4,0,2,0,2,0
Apache JSPWiki Main Jar,org.apache.wiki.attachment,DynamicAttachment,15,0,0,0,5,0,2,0,2,0
Apache JSPWiki Main Jar,org.apache.wiki.api.filters,BasicPageFilter,1,14,0,0,1,7,1,6,1,6
Apache JSPWiki Main Jar,org.apache.wiki.util.comparators,CollatorComparator,16,25,3,3,8,8,5,3,2,3
Apache JSPWiki Main Jar,org.apache.wiki.util.comparators,HumanComparator.CharType,0,34,0,0,0,2,0,1,0,1
Apache JSPWiki Main Jar,org.apache.wiki.util.comparators,JavaNaturalComparator,6,20,3,3,3,6,3,3,0,3
Apache JSPWiki Main Jar,org.apache.wiki.util.comparators,LocaleComparator,12,6,0,0,5,3,2,1,2,1
Apache JSPWiki Main Jar,org.apache.wiki.util.comparators,HumanComparator,77,320,23,63,15,77,23,30,3,7
Apache JSPWiki Main Jar,org.apache.wiki.util.comparators,PageTimeComparator,31,33,4,6,6,11,4,4,0,3
Apache JSPWiki Main Jar,org.apache.wiki.modules,ModuleManager,3,51,3,7,1,14,3,5,0,3
Apache JSPWiki Main Jar,org.apache.wiki.modules,WikiModuleInfo,92,83,4,0,24,21,12,8,10,8
Apache JSPWiki Main Jar,org.apache.wiki,WikiContext,245,444,31,27,59,120,37,31,13,26
Apache JSPWiki Main Jar,org.apache.wiki,PageLock,47,0,0,0,12,0,6,0,6,0
Apache JSPWiki Main Jar,org.apache.wiki,TranslationsCheck,431,0,30,0,90,0,21,0,6,0
Apache JSPWiki Main Jar,org.apache.wiki,PageManager.LockReaper,65,0,4,0,16,0,4,0,2,0
Apache JSPWiki Main Jar,org.apache.wiki,WatchDog.ThreadWrapper,5,10,0,0,2,4,2,2,2,2
Apache JSPWiki Main Jar,org.apache.wiki,WatchDog.State,3,21,0,0,1,6,1,2,1,2
Apache JSPWiki Main Jar,org.apache.wiki,PageManager.SaveWikiPageTask,0,46,0,0,0,12,0,2,0,2
Apache JSPWiki Main Jar,org.apache.wiki,WikiSession,135,795,28,92,36,186,32,63,9,22
Apache JSPWiki Main Jar,org.apache.wiki,ReferenceManager,301,1031,31,95,70,240,31,62,5,25
Apache JSPWiki Main Jar,org.apache.wiki,InternalWikiException,13,0,0,0,6,0,3,0,3,0
Apache JSPWiki Main Jar,org.apache.wiki,WatchDog,307,217,36,20,54,59,29,15,4,12
Apache JSPWiki Main Jar,org.apache.wiki,PageSorter,79,93,15,11,21,26,15,10,5,7
Apache JSPWiki Main Jar,org.apache.wiki,Release,14,158,7,37,2,29,8,19,1,4
Apache JSPWiki Main Jar,org.apache.wiki,PageManager,461,432,26,36,73,104,26,29,6,18
Apache JSPWiki Main Jar,org.apache.wiki,WikiServlet,91,0,2,0,22,0,7,0,6,0
Apache JSPWiki Main Jar,org.apache.wiki,VariableManager,46,281,11,37,16,62,12,19,1,6
Apache JSPWiki Main Jar,org.apache.wiki,WatchDog.WatchDogThread,3,60,3,7,3,16,4,5,1,3
Apache JSPWiki Main Jar,org.apache.wiki,WikiBackgroundThread,58,76,4,8,17,25,6,8,2,6
Apache JSPWiki Main Jar,org.apache.wiki,VariableManager.SystemVariables,286,21,22,0,52,6,26,4,15,4
Apache JSPWiki Main Jar,org.apache.wiki,WikiPage,40,195,4,4,10,50,5,23,2,22
Apache JSPWiki Main Jar,org.apache.wiki,WikiEngine,821,1695,64,100,152,366,77,108,28,75
Apache JSPWiki Main Jar,org.apache.wiki,PageManager.PreSaveWikiPageTask,0,55,1,3,0,16,1,3,0,2
Apache JSPWiki Main Jar,org.apache.wiki,LinkCollector,0,18,0,0,0,5,0,3,0,3
Apache JSPWiki Main Jar,org.apache.wiki.diff,ExternalDiffProvider,197,0,19,0,56,0,16,0,6,0
Apache JSPWiki Main Jar,org.apache.wiki.diff,TraditionalDiffProvider.RevisionPrint,18,168,0,0,4,33,1,5,1,5
Apache JSPWiki Main Jar,org.apache.wiki.diff,DifferenceManager,52,68,2,2,17,21,2,5,0,5
Apache JSPWiki Main Jar,org.apache.wiki.diff,ContextualDiffProvider.ChangeMerger,95,440,21,39,13,94,17,23,0,10
Apache JSPWiki Main Jar,org.apache.wiki.diff,ContextualDiffProvider,9,216,0,8,4,58,1,9,1,5
Apache JSPWiki Main Jar,org.apache.wiki.diff,DiffProvider.NullDiffProvider,8,0,0,0,4,0,4,0,4,0
Apache JSPWiki Main Jar,org.apache.wiki.diff,TraditionalDiffProvider,11,68,2,2,5,16,2,5,0,5
Apache JSPWiki Main Jar,org.apache.wiki.rss,RSS10Feed,31,330,7,11,4,63,7,8,0,6
Apache JSPWiki Main Jar,org.apache.wiki.rss,Feed,51,45,4,0,16,18,7,9,5,9
Apache JSPWiki Main Jar,org.apache.wiki.rss,RSSGenerator,475,408,46,24,86,92,39,12,7,9
Apache JSPWiki Main Jar,org.apache.wiki.rss,AtomFeed,360,0,14,0,63,0,13,0,6,0
Apache JSPWiki Main Jar,org.apache.wiki.rss,Entry,0,38,0,0,0,16,0,11,0,11
Apache JSPWiki Main Jar,org.apache.wiki.rss,RSS20Feed,96,232,10,6,18,43,7,4,0,3
Apache JSPWiki Main Jar,org.apache.wiki.rss,RSSThread,27,109,3,3,6,24,3,4,0,4
Apache JSPWiki Main Jar,org.apache.wiki.htmltowiki,PersistentMapDecorator,62,12,0,0,16,4,14,2,14,2
Apache JSPWiki Main Jar,org.apache.wiki.htmltowiki,WhitespaceTrimWriter,4,158,1,9,2,40,3,12,2,8
Apache JSPWiki Main Jar,org.apache.wiki.htmltowiki,XHtmlElementToWikiTranslator.LiStack,0,29,0,0,0,7,0,4,0,4
Apache JSPWiki Main Jar,org.apache.wiki.htmltowiki,XHtmlElementToWikiTranslator,341,1909,85,277,50,428,72,124,2,13
Apache JSPWiki Main Jar,org.apache.wiki.htmltowiki,XHtmlElementToWikiTranslator.PreStack,3,47,2,4,0,9,2,5,0,4
Apache JSPWiki Main Jar,org.apache.wiki.htmltowiki,HtmlStringToWikiTranslator,21,48,0,0,4,10,2,4,2,4
Apache JSPWiki Main Jar,org.apache.wiki.htmltowiki,ForgetNullValuesLinkedHashMap,0,12,0,2,0,4,0,3,0,2
Apache JSPWiki Main Jar,org.apache.wiki.htmltowiki,XHtmlToWikiConfig,20,101,1,1,10,24,6,10,5,10
Apache JSPWiki Main Jar,org.apache.wiki.parser,CreoleToJSPWikiTranslator,19,945,7,65,8,180,7,43,0,14
Apache JSPWiki Main Jar,org.apache.wiki.parser,LinkParser,95,316,18,26,10,49,17,11,0,6
Apache JSPWiki Main Jar,org.apache.wiki.parser,ParseException,0,4,0,0,0,2,0,1,0,1
Apache JSPWiki Main Jar,org.apache.wiki.parser,LinkParsingOperations.StartingComparator,2,27,2,8,1,5,2,4,0,1
Apache JSPWiki Main Jar,org.apache.wiki.parser,VariableContent,43,44,4,4,5,15,4,4,1,3
Apache JSPWiki Main Jar,org.apache.wiki.parser,MarkupParser,21,344,7,29,4,84,8,31,1,20
Apache JSPWiki Main Jar,org.apache.wiki.parser,LinkParsingOperations,36,327,7,25,8,31,7,21,0,12
Apache JSPWiki Main Jar,org.apache.wiki.parser,PluginContent,120,262,12,18,23,64,11,14,0,10
Apache JSPWiki Main Jar,org.apache.wiki.parser,LinkParser.Link,111,132,13,13,29,34,11,16,2,12
Apache JSPWiki Main Jar,org.apache.wiki.parser,WikiDocument,3,25,0,0,1,9,1,5,1,5
Apache JSPWiki Main Jar,org.apache.wiki.parser,JSPWikiMarkupParser,411,4166,83,493,64,893,82,277,2,54
Apache JSPWiki Main Jar,org.apache.wiki.parser,Heading,0,3,0,0,0,1,0,1,0,1
Apache JSPWiki Main Jar,org.apache.wiki.forms,FormTextarea,130,0,18,0,31,0,12,0,3,0
Apache JSPWiki Main Jar,org.apache.wiki.forms,FormElement,13,0,0,0,4,0,3,0,3,0
Apache JSPWiki Main Jar,org.apache.wiki.forms,FormSet,55,0,8,0,14,0,6,0,2,0
Apache JSPWiki Main Jar,org.apache.wiki.forms,FormInput,127,0,18,0,28,0,11,0,2,0
Apache JSPWiki Main Jar,org.apache.wiki.forms,FormSelect,280,0,48,0,63,0,27,0,3,0
Apache JSPWiki Main Jar,org.apache.wiki.forms,FormOutput,171,0,22,0,41,0,13,0,2,0
Apache JSPWiki Main Jar,org.apache.wiki.forms,FormClose,48,0,4,0,10,0,4,0,2,0
Apache JSPWiki Main Jar,org.apache.wiki.forms,FormOpen,213,0,20,0,39,0,13,0,3,0
Apache JSPWiki Main Jar,org.apache.wiki.forms,FormInfo,81,0,2,0,32,0,19,0,18,0
Apache JSPWiki Main Jar,org.apache.wiki.filters,PingWeblogsComFilter,95,0,6,0,23,0,7,0,4,0
Apache JSPWiki Main Jar,org.apache.wiki.filters,DefaultFilterManager.PageFilterInfo,2,19,2,2,0,6,2,2,0,2
Apache JSPWiki Main Jar,org.apache.wiki.filters,PingWeblogsComFilter.new AsyncCallback() {...},49,0,2,0,10,0,4,0,3,0
Apache JSPWiki Main Jar,org.apache.wiki.filters,CreoleFilter,64,0,0,0,15,0,5,0,5,0
Apache JSPWiki Main Jar,org.apache.wiki.filters,DefaultFilterManager,157,352,17,27,26,91,15,24,2,15
Apache JSPWiki Main Jar,org.apache.wiki.filters,SpamFilter.Change,21,0,2,0,5,0,4,0,3,0
Apache JSPWiki Main Jar,org.apache.wiki.filters,ProfanityFilter,15,99,1,9,5,22,1,7,0,3
Apache JSPWiki Main Jar,org.apache.wiki.filters,SpamFilter,2009,0,192,0,387,0,126,0,29,0
Apache JSPWiki Main Jar,org.apache.wiki.filters,SpamFilter.Host,38,0,0,0,10,0,5,0,5,0
Apache JSPWiki Main Jar,org.apache.wiki.auth.login,WikiCallbackHandler,17,64,3,9,3,17,3,5,0,2
Apache JSPWiki Main Jar,org.apache.wiki.auth.login,WikiEngineCallback,0,10,0,0,0,4,0,3,0,3
Apache JSPWiki Main Jar,org.apache.wiki.auth.login,AbstractLoginModule,101,99,10,8,23,25,10,7,2,6
Apache JSPWiki Main Jar,org.apache.wiki.auth.login,UserDatabaseLoginModule,44,89,4,4,11,19,4,3,0,3
Apache JSPWiki Main Jar,org.apache.wiki.auth.login,WebContainerLoginModule,74,69,6,8,11,20,6,4,0,3
Apache JSPWiki Main Jar,org.apache.wiki.auth.login,AuthorizerCallback,10,0,0,0,4,0,3,0,3,0
Apache JSPWiki Main Jar,org.apache.wiki.auth.login,AnonymousLoginModule,51,41,3,1,10,10,2,3,0,3
Apache JSPWiki Main Jar,org.apache.wiki.auth.login,UserDatabaseCallback,0,10,0,0,0,4,0,3,0,3
Apache JSPWiki Main Jar,org.apache.wiki.auth.login,HttpRequestCallback,0,10,0,0,0,4,0,3,0,3
Apache JSPWiki Main Jar,org.apache.wiki.auth.login,PrincipalWrapper,31,0,2,0,9,0,6,0,5,0
Apache JSPWiki Main Jar,org.apache.wiki.auth.login,CookieAuthenticationLoginModule,116,276,15,17,27,64,14,10,0,8
Apache JSPWiki Main Jar,org.apache.wiki.auth.login,WebContainerCallbackHandler,5,40,1,5,1,11,1,4,0,2
Apache JSPWiki Main Jar,org.apache.wiki.auth.login,CookieAssertionLoginModule,84,73,5,7,18,17,7,5,2,4
Apache JSPWiki Main Jar,org.apache.wiki.workflow,Fact,31,40,5,5,4,10,7,4,2,4
Apache JSPWiki Main Jar,org.apache.wiki.workflow,AbstractStep,39,143,6,10,8,44,6,21,2,17
Apache JSPWiki Main Jar,org.apache.wiki.workflow,Workflow,32,448,7,55,11,131,8,57,1,33
Apache JSPWiki Main Jar,org.apache.wiki.workflow,SimpleNotification,2,11,0,0,1,4,1,2,1,2
Apache JSPWiki Main Jar,org.apache.wiki.workflow,SystemPrincipal,3,12,0,0,1,4,1,2,1,2
Apache JSPWiki Main Jar,org.apache.wiki.workflow,Decision,8,96,2,10,2,31,3,14,1,10
Apache JSPWiki Main Jar,org.apache.wiki.workflow,WorkflowManager,100,203,21,19,23,52,17,18,3,11
Apache JSPWiki Main Jar,org.apache.wiki.workflow,Task,7,24,0,0,3,9,2,3,2,3
Apache JSPWiki Main Jar,org.apache.wiki.workflow,WorkflowBuilder,0,141,2,16,0,37,2,11,0,4
Apache JSPWiki Main Jar,org.apache.wiki.workflow,Outcome,19,157,3,9,3,24,4,10,1,7
Apache JSPWiki Main Jar,org.apache.wiki.workflow,SimpleDecision,0,11,0,0,0,3,0,1,0,1
Apache JSPWiki Main Jar,org.apache.wiki.workflow,DecisionQueue,5,140,3,13,1,33,3,13,0,8
Apache JSPWiki Main Jar,org.apache.wiki.workflow,NoSuchOutcomeException,0,4,0,0,0,2,0,1,0,1
Apache JSPWiki Main Jar,org.apache.wiki.workflow,DecisionRequiredException,0,4,0,0,0,2,0,1,0,1
Apache JSPWiki Main Jar,org.apache.wiki.preferences,Preferences,252,140,23,11,57,34,22,7,6,5
Apache JSPWiki Main Jar,org.apache.wiki.preferences,Preferences.TimeFormat,0,34,0,0,0,4,0,1,0,1
Apache JSPWiki Main Jar,org.apache.wiki.event,WikiEvent,51,53,10,0,10,16,10,5,4,5
Apache JSPWiki Main Jar,org.apache.wiki.event,WikiEventManager,141,114,25,11,34,32,20,9,4,7
Apache JSPWiki Main Jar,org.apache.wiki.event,WikiPageRenameEvent,17,12,2,0,5,4,6,1,5,1
Apache JSPWiki Main Jar,org.apache.wiki.event,WikiPageEvent,66,42,32,10,31,15,32,11,1,4
Apache JSPWiki Main Jar,org.apache.wiki.event,WikiEngineEvent,39,28,14,4,15,7,16,3,4,3
Apache JSPWiki Main Jar,org.apache.wiki.event,WorkflowEvent,59,7,8,1,16,3,9,1,2,1
Apache JSPWiki Main Jar,org.apache.wiki.event,PageEventFilter,57,0,4,0,20,0,11,0,9,0
Apache JSPWiki Main Jar,org.apache.wiki.event,WikiEventManager.WikiEventListenerComparator,15,0,4,0,2,0,3,0,1,0
Apache JSPWiki Main Jar,org.apache.wiki.event,WikiSecurityEvent,74,182,34,12,32,32,34,10,1,7
Apache JSPWiki Main Jar,org.apache.wiki.event,WikiEventUtils,43,59,19,15,10,11,17,2,1,1
Apache JSPWiki Main Jar,org.apache.wiki.event,WikiEventManager.WikiEventDelegate,109,81,15,7,25,19,12,6,3,4
Apache JSPWiki Main Jar,org.apache.wiki.ui.admin.beans,SearchManagerBean,54,23,6,0,14,8,6,6,3,6
Apache JSPWiki Main Jar,org.apache.wiki.ui.admin.beans,PlainEditorAdminBean,70,26,8,0,17,8,10,6,6,6
Apache JSPWiki Main Jar,org.apache.wiki.ui.admin.beans,UserBean,165,13,14,0,39,6,8,5,1,5
Apache JSPWiki Main Jar,org.apache.wiki.ui.admin.beans,CoreBean,8,33,0,0,3,11,3,8,3,8
Apache JSPWiki Main Jar,org.apache.wiki.ui.admin.beans,ModuleBean,1,88,2,4,0,22,2,8,0,7
Apache JSPWiki Main Jar,org.apache.wiki.ui.admin.beans,SearchManagerBean.new WikiBackgroundThread() {...},75,0,2,0,17,0,4,0,3,0
Apache JSPWiki Main Jar,org.apache.wiki.ui.admin.beans,PluginBean,0,73,0,0,0,17,0,6,0,6
Apache JSPWiki Main Jar,org.apache.wiki.ui.admin.beans,SearchManagerBean.1.new ProgressItem() {...},16,0,0,0,2,0,2,0,2,0
Apache JSPWiki Main Jar,org.apache.wiki.ui.admin.beans,FilterBean,0,61,0,0,0,15,0,6,0,6
Apache JSPWiki Main Jar,org.apache.wiki.util,XmlUtil,43,107,0,10,7,25,0,8,0,3
Apache JSPWiki Main Jar,org.apache.wiki.util,ClassUtil,105,385,9,35,23,88,7,26,0,11
Apache JSPWiki Main Jar,org.apache.wiki.util,TimedCounterList.CounterItem,0,9,0,0,0,4,0,1,0,1
Apache JSPWiki Main Jar,org.apache.wiki.util,PriorityList,6,56,0,4,2,14,1,6,1,4
Apache JSPWiki Main Jar,org.apache.wiki.util,PropertyReader,275,204,22,24,62,51,18,15,5,5
Apache JSPWiki Main Jar,org.apache.wiki.util,FormUtil,202,0,38,0,44,0,22,0,3,0
Apache JSPWiki Main Jar,org.apache.wiki.util,XhtmlUtil,90,66,19,7,25,18,17,8,5,7
Apache JSPWiki Main Jar,org.apache.wiki.util,TextUtil,121,974,27,134,26,196,26,86,2,28
Apache JSPWiki Main Jar,org.apache.wiki.util,HttpUtil,157,49,33,9,34,12,22,6,4,3
Apache JSPWiki Main Jar,org.apache.wiki.util,XHTML,9,1307,0,0,2,25,2,1,2,1
Apache JSPWiki Main Jar,org.apache.wiki.util,CommentedProperties,71,211,15,15,22,44,17,10,3,9
Apache JSPWiki Main Jar,org.apache.wiki.util,TimedCounterList,74,110,1,7,17,30,5,8,4,5
Apache JSPWiki Main Jar,org.apache.wiki.util,MailUtil.SmtpAuthenticator,32,0,6,0,7,0,5,0,2,0
Apache JSPWiki Main Jar,org.apache.wiki.util,MailUtil,173,205,24,16,25,56,18,8,0,6
Apache JSPWiki Main Jar,org.apache.wiki.util,PropertiesUtils,282,0,23,0,48,0,19,0,5,0
Apache JSPWiki Main Jar,org.apache.wiki.util,Serializer,14,55,0,0,2,12,0,2,0,2
Apache JSPWiki Main Jar,org.apache.wiki.util,ByteUtils,32,134,8,14,3,20,8,8,0,5
Apache JSPWiki Main Jar,org.apache.wiki.util,CryptoUtil,40,231,9,19,9,49,8,13,0,7
Apache JSPWiki Main Jar,org.apache.wiki.util,FileUtil,187,160,18,6,32,47,12,9,2,7
Apache JSPWiki Main Jar,org.apache.wiki.auth,SessionMonitor,199,101,15,11,43,29,19,8,9,5
Apache JSPWiki Main Jar,org.apache.wiki.auth,SecurityVerifier,2083,0,120,0,341,0,75,0,15,0
Apache JSPWiki Main Jar,org.apache.wiki.auth,PrincipalComparator,0,12,0,0,0,3,0,2,0,2
Apache JSPWiki Main Jar,org.apache.wiki.auth,AuthenticationManager,254,593,31,61,54,138,30,37,4,17
Apache JSPWiki Main Jar,org.apache.wiki.auth,SecurityVerifier.new PrivilegedAction() {...},17,0,0,0,5,0,2,0,2,0
Apache JSPWiki Main Jar,org.apache.wiki.auth,AuthorizationManager,285,519,28,62,49,113,28,35,5,13
Apache JSPWiki Main Jar,org.apache.wiki.auth,WikiPrincipal,18,100,2,4,3,22,3,10,1,9
Apache JSPWiki Main Jar,org.apache.wiki.auth,UserManager.DummyUserDatabase,40,0,0,0,12,0,12,0,12,0
Apache JSPWiki Main Jar,org.apache.wiki.auth,UserManager.SaveUserProfileTask,25,97,1,1,8,20,2,2,1,2
Apache JSPWiki Main Jar,org.apache.wiki.auth,NoSuchPrincipalException,0,4,0,0,0,2,0,1,0,1
Apache JSPWiki Main Jar,org.apache.wiki.auth,GroupPrincipal,17,29,1,3,2,10,2,5,1,4
Apache JSPWiki Main Jar,org.apache.wiki.auth,WikiSecurityException,5,4,0,0,2,2,1,1,1,1
Apache JSPWiki Main Jar,org.apache.wiki.auth,UserManager.JSONUserModule,60,6,6,0,17,3,6,1,3,1
Apache JSPWiki Main Jar,org.apache.wiki.auth,AuthorizationManager.new PrivilegedAction() {...},5,35,0,4,2,6,0,4,0,2
Apache JSPWiki Main Jar,org.apache.wiki.auth,UserManager,431,404,74,38,92,85,51,17,4,8
Apache JSPWiki Main Jar,org.apache.wiki.management,SimpleMBean,297,210,16,16,55,46,15,11,5,5
Apache JSPWiki Main Jar,org.apache.wiki.auth.user,XMLUserDatabase,300,1194,30,88,52,258,29,49,0,19
Apache JSPWiki Main Jar,org.apache.wiki.auth.user,AbstractUserDatabase,80,212,13,19,23,61,13,14,2,9
Apache JSPWiki Main Jar,org.apache.wiki.auth.user,JDBCUserDatabase,187,1170,23,37,34,223,22,20,0,12
Apache JSPWiki Main Jar,org.apache.wiki.auth.user,DefaultUserProfile,61,217,18,28,8,56,16,34,3,24
Apache JSPWiki Main Jar,org.apache.wiki.auth.user,DuplicateUserException,6,5,0,0,2,2,1,1,1,1
Apache JSPWiki Main Jar,org.apache.wiki.search,SearchMatcher.SearchResultImpl,26,0,0,0,7,0,4,0,4,0
Apache JSPWiki Main Jar,org.apache.wiki.search,LuceneSearchProvider,389,759,30,28,84,145,30,16,4,13
Apache JSPWiki Main Jar,org.apache.wiki.search,LuceneSearchProvider.LuceneUpdater,7,80,0,2,2,22,0,4,0,3
Apache JSPWiki Main Jar,org.apache.wiki.search,LuceneSearchProvider.SearchResultImpl,7,20,1,1,2,6,3,2,2,2
Apache JSPWiki Main Jar,org.apache.wiki.search,SearchManager.JSONSearch,367,9,40,0,73,2,24,1,4,1
Apache JSPWiki Main Jar,org.apache.wiki.search,BasicSearchProvider,282,13,21,0,66,6,16,5,5,5
Apache JSPWiki Main Jar,org.apache.wiki.search,SearchResultComparator,21,0,2,0,5,0,3,0,2,0
Apache JSPWiki Main Jar,org.apache.wiki.search,SearchManager,54,127,7,7,13,36,6,11,0,10
Apache JSPWiki Main Jar,org.apache.wiki.search,SearchMatcher,150,0,24,0,27,0,14,0,2,0
Apache JSPWiki Main Jar,org.apache.wiki.search,QueryItem,6,0,0,0,2,0,1,0,1,0
Apache JSPWiki Main Jar,org.apache.wiki.plugin,DefaultPluginManager,292,458,18,38,52,123,20,26,4,12
Apache JSPWiki Main Jar,org.apache.wiki.plugin,Search,244,0,14,0,56,0,12,0,5,0
Apache JSPWiki Main Jar,org.apache.wiki.plugin,AbstractReferralPlugin,127,453,18,62,24,112,14,34,0,8
Apache JSPWiki Main Jar,org.apache.wiki.plugin,Groups,0,82,0,4,0,19,0,5,0,3
Apache JSPWiki Main Jar,org.apache.wiki.plugin,ReferredPagesPlugin,449,0,54,0,79,0,32,0,5,0
Apache JSPWiki Main Jar,org.apache.wiki.plugin,ReferringPagesPlugin,17,208,7,17,2,37,7,8,0,3
Apache JSPWiki Main Jar,org.apache.wiki.plugin,PageViewPlugin.CounterSaveThread,5,19,2,2,1,7,2,2,0,2
Apache JSPWiki Main Jar,org.apache.wiki.plugin,WeblogPlugin,510,84,36,6,106,20,24,7,5,5
Apache JSPWiki Main Jar,org.apache.wiki.plugin,TableOfContents,48,463,11,35,11,89,10,19,0,4
Apache JSPWiki Main Jar,org.apache.wiki.plugin,Denounce,298,0,36,0,63,0,23,0,5,0
Apache JSPWiki Main Jar,org.apache.wiki.plugin,IfPlugin,210,204,29,21,35,43,23,13,5,6
Apache JSPWiki Main Jar,org.apache.wiki.plugin,DefaultPluginManager.WikiPluginInfo,124,97,18,8,36,29,16,11,5,9
Apache JSPWiki Main Jar,org.apache.wiki.plugin,SessionsPlugin,158,0,16,0,27,0,10,0,2,0
Apache JSPWiki Main Jar,org.apache.wiki.plugin,WeblogArchivePlugin.ArchiveComparator,35,0,10,0,6,0,6,0,1,0
Apache JSPWiki Main Jar,org.apache.wiki.plugin,Image,386,3,50,0,68,1,28,1,3,1
Apache JSPWiki Main Jar,org.apache.wiki.plugin,SampleAjaxPlugin,41,5,0,0,7,2,2,2,2,2
Apache JSPWiki Main Jar,org.apache.wiki.plugin,ListLocksPlugin,179,0,6,0,27,0,5,0,2,0
Apache JSPWiki Main Jar,org.apache.wiki.plugin,WeblogPlugin.PageDateComparator,12,0,4,0,3,0,3,0,1,0
Apache JSPWiki Main Jar,org.apache.wiki.plugin,Counter,0,86,0,12,0,24,0,8,0,2
Apache JSPWiki Main Jar,org.apache.wiki.plugin,PageViewPlugin.Counter,14,20,0,0,5,7,2,4,2,4
Apache JSPWiki Main Jar,org.apache.wiki.plugin,UndefinedPagesPlugin,0,56,0,4,0,12,0,4,0,2
Apache JSPWiki Main Jar,org.apache.wiki.plugin,Note,83,3,8,0,15,1,7,1,3,1
Apache JSPWiki Main Jar,org.apache.wiki.plugin,PageViewPlugin,6,43,1,3,3,15,2,5,1,4
Apache JSPWiki Main Jar,org.apache.wiki.plugin,AbstractReferralPlugin.CutMutator,0,26,0,2,0,6,0,3,0,2
Apache JSPWiki Main Jar,org.apache.wiki.plugin,UnusedPagesPlugin,98,0,12,0,20,0,8,0,2,0
Apache JSPWiki Main Jar,org.apache.wiki.plugin,WeblogArchivePlugin,275,0,12,0,54,0,11,0,5,0
Apache JSPWiki Main Jar,org.apache.wiki.plugin,RecentChangesPlugin,83,339,13,21,19,78,13,11,0,7
Apache JSPWiki Main Jar,org.apache.wiki.plugin,PageViewPlugin.PageViewManager,362,569,72,72,79,120,57,26,2,9
Apache JSPWiki Main Jar,org.apache.wiki.plugin,IndexPlugin,261,0,16,0,54,0,15,0,7,0
Apache JSPWiki Main Jar,org.apache.wiki.plugin,BugReportHandler,434,0,38,0,77,0,24,0,5,0
Apache JSPWiki Main Jar,org.apache.wiki.plugin,CurrentTimePlugin,48,0,2,0,10,0,3,0,2,0
Apache JSPWiki Main Jar,org.apache.wiki.plugin,PageViewPlugin.PageViewManager.new Comparator() {...},2,30,1,3,0,4,1,3,0,2
Apache JSPWiki Main Jar,org.apache.wiki.plugin,WeblogEntryPlugin,82,107,7,7,16,28,6,6,1,4
Apache JSPWiki Main Jar,org.apache.wiki.plugin,ReferringUndefinedPagesPlugin,0,149,4,10,0,30,4,6,0,3
Apache JSPWiki Main Jar,org.apache.wiki.plugin,InsertPage,81,212,8,16,15,47,8,6,0,2
Apache JSPWiki Main Jar,org.apache.wiki.auth.authorize,WebContainerAuthorizer,123,345,22,22,25,77,20,13,3,8
Apache JSPWiki Main Jar,org.apache.wiki.auth.authorize,Group,35,226,8,22,8,58,9,28,2,20
Apache JSPWiki Main Jar,org.apache.wiki.auth.authorize,JDBCGroupDatabase,168,826,13,29,33,192,14,18,1,10
Apache JSPWiki Main Jar,org.apache.wiki.auth.authorize,WebContainerAuthorizer.LocalEntityResolver,80,6,4,0,12,1,3,1,1,1
Apache JSPWiki Main Jar,org.apache.wiki.auth.authorize,GroupManager,327,661,26,56,60,139,24,36,4,15
Apache JSPWiki Main Jar,org.apache.wiki.auth.authorize,XMLGroupDatabase,208,567,18,30,38,122,17,18,1,10
Apache JSPWiki Main Jar,org.apache.wiki.auth.authorize,Role,28,86,9,11,5,14,7,12,2,7
Apache JSPWiki Main Jar,org.apache.wiki.ui,WikiServletFilter,84,99,6,12,23,25,8,8,2,5
Apache JSPWiki Main Jar,org.apache.wiki.ui,InputValidator,41,154,7,19,7,31,5,15,0,6
Apache JSPWiki Main Jar,org.apache.wiki.ui,RedirectCommand,18,33,4,2,6,5,5,3,2,3
Apache JSPWiki Main Jar,org.apache.wiki.ui,WikiJSPFilter,307,0,24,0,66,0,18,0,6,0
Apache JSPWiki Main Jar,org.apache.wiki.ui,GroupCommand,17,77,5,5,5,12,5,5,1,4
Apache JSPWiki Main Jar,org.apache.wiki.ui,EditorManager,129,71,15,3,30,18,13,6,5,5
Apache JSPWiki Main Jar,org.apache.wiki.ui,WikiCommand,8,154,2,6,2,23,3,7,1,5
Apache JSPWiki Main Jar,org.apache.wiki.ui,WikiJSPFilter.JSPWikiServletResponseWrapper.ByteArrayServletOutputStream,17,0,0,0,8,0,4,0,4,0
Apache JSPWiki Main Jar,org.apache.wiki.ui,CommandResolver,23,489,8,76,8,116,8,44,0,10
Apache JSPWiki Main Jar,org.apache.wiki.ui,WikiJSPFilter.JSPWikiServletResponseWrapper,77,0,2,0,23,0,6,0,5,0
Apache JSPWiki Main Jar,org.apache.wiki.ui,EditorManager.WikiEditorInfo,5,28,2,2,1,9,3,3,1,3
Apache JSPWiki Main Jar,org.apache.wiki.ui,WikiRequestWrapper,75,11,18,0,20,3,12,1,3,1
Apache JSPWiki Main Jar,org.apache.wiki.ui,AbstractCommand,49,256,7,15,4,34,8,14,2,9
Apache JSPWiki Main Jar,org.apache.wiki.ui,TemplateManager,1236,8,96,0,169,3,68,2,20,2
Apache JSPWiki Main Jar,org.apache.wiki.ui,Editor,86,0,4,0,18,0,9,0,7,0
Apache JSPWiki Main Jar,org.apache.wiki.ui,PageCommand,17,166,5,5,5,23,5,5,1,4
Apache JSPWiki Main Jar,org.apache.wiki.ui,Installer,433,0,18,0,104,0,23,0,14,0
Apache JSPWiki Main Jar,org.apache.wiki.auth.acl,DefaultAclManager,75,353,4,24,12,86,4,17,0,7
Apache JSPWiki Main Jar,org.apache.wiki.auth.acl,AclImpl,29,199,5,25,4,50,5,19,0,9
Apache JSPWiki Main Jar,org.apache.wiki.auth.acl,AclEntryImpl,59,82,8,12,12,22,7,12,1,8
Apache JSPWiki Main Jar,org.apache.wiki.auth.acl,UnresolvedPrincipal,4,33,0,2,1,8,1,5,1,4
Apache JSPWiki Main Jar,org.apache.wiki.api.exceptions,NoSuchVariableException,0,4,0,0,0,2,0,1,0,1
Apache JSPWiki Main Jar,org.apache.wiki.api.exceptions,RedirectException,10,0,0,0,4,0,2,0,2,0
Apache JSPWiki Main Jar,org.apache.wiki.api.exceptions,ProviderException,0,4,0,0,0,2,0,1,0,1
Apache JSPWiki Main Jar,org.apache.wiki.api.exceptions,NoRequiredPropertyException,0,13,0,0,0,2,0,1,0,1
Apache JSPWiki Main Jar,org.apache.wiki.api.exceptions,WikiException,0,9,0,0,0,4,0,2,0,2
Apache JSPWiki Main Jar,org.apache.wiki.api.exceptions,WikiI18nException,3,7,0,0,1,3,1,1,1,1
Apache JSPWiki Main Jar,org.apache.wiki.api.exceptions,PluginException,3,15,0,0,1,6,1,2,1,2
Apache JSPWiki Main Jar,org.apache.wiki.api.exceptions,FilterException,0,4,0,0,0,2,0,1,0,1
Apache JSPWiki Main Jar,org.apache.wiki.ajax,AjaxUtil,56,58,7,9,11,16,7,5,2,2
Apache JSPWiki Main Jar,org.apache.wiki.ajax,WikiAjaxDispatcherServlet,193,71,12,2,40,16,12,8,6,7
Apache JSPWiki Main Jar,org.apache.wiki.ajax,WikiAjaxDispatcherServlet.AjaxServletContainer,26,12,0,0,1,5,1,1,1,1
Apache JSPWiki Main Jar,org.apache.wiki.url,ShortViewURLConstructor,30,103,7,13,3,16,8,7,1,4
Apache JSPWiki Main Jar,org.apache.wiki.url,DefaultURLConstructor,43,164,11,13,10,30,10,12,2,8
Apache JSPWiki Main Jar,org.apache.wiki.url,ShortURLConstructor,312,178,42,22,39,30,28,11,2,5
Apache JSPWiki Main Jar,org.apache.wiki.auth.permissions,PermissionFactory,0,75,0,4,0,14,0,6,0,4
Apache JSPWiki Main Jar,org.apache.wiki.auth.permissions,WikiPermission,21,267,6,32,3,50,6,24,0,11
Apache JSPWiki Main Jar,org.apache.wiki.auth.permissions,AllPermission,15,109,6,20,6,21,8,15,2,8
Apache JSPWiki Main Jar,org.apache.wiki.auth.permissions,GroupPermission,204,205,41,21,43,38,34,11,8,6
Apache JSPWiki Main Jar,org.apache.wiki.auth.permissions,PagePermission,38,468,14,62,8,93,15,39,1,15
Apache JSPWiki Main Jar,org.apache.wiki.auth.permissions,AllPermissionCollection,9,72,3,9,3,23,3,9,0,6
Apache JSPWiki Main Jar,org.apache.wiki.ui.admin,SimpleAdminBean,121,7,4,0,18,4,5,2,3,2
Apache JSPWiki Main Jar,org.apache.wiki.ui.admin,WikiFormAdminBean,32,0,0,0,11,0,3,0,3,0
Apache JSPWiki Main Jar,org.apache.wiki.ui.admin,DefaultAdminBeanManager.MBeanServerFactory15,0,2,0,0,0,1,0,1,0,1
Apache JSPWiki Main Jar,org.apache.wiki.ui.admin,DefaultAdminBeanManager,152,213,19,16,45,53,15,15,3,9
